CTYNAME,2009 Median income,CVD delta,CVM delta,CVS delta,2009 pop estimateWake County,63770,0.300005011,-0.238160652,0.073326945,892409Union County,63190,0.426362042,-0.284056006,0.146088931,196322Chatham County,57174,-0.179040297,-0.528094675,0.327749156,62482Camden County,55985,0.181533613,-0.300607432,0.074915935,9732Mecklenburg County,53158,0.094409422,-0.531994038,0.205368939,894290Cabarrus County,52988,-0.512761729,-0.66838229,0.099646374,174255Currituck County,51997,0.13970327,-0.44160115,-0.036896131,23815Orange County,51944,0.0717939,-0.340564991,-0.137678391,132272Dare County,49565,0.250237104,-0.861592646,0.070292264,34355Johnston County,49501,0.139323958,-0.375022768,0.305454423,168217Davie County,49057,-0.002830909,-0.300317218,0.32837749,41752Durham County,48770,0.245412597,-0.503885626,-0.102783644,266132Lincoln County,48161,0.452871445,-0.126692078,0.260544076,75702Iredell County,47979,0.05430473,-0.2699597,-0.068182473,157013Granville County,46305,0.400481894,-0.595737185,0.040382244,57434Stokes County,46245,0.289711951,-0.320660076,0.143738321,46792Moore County,45987,0.454002447,-0.660271174,-0.075923184,86945Forsyth County,45769,0.112591134,-0.27550913,0.205934165,355575Brunswick County,44891,0.348104385,-0.329281665,-0.178674297,107127New Hanover County,44719,0.54078646,-0.372422392,0.584587179,194054Henderson County,44408,0.679867851,-0.551139572,0.838051694,105221Guilford County,44386,0.570622463,-0.27957355,0.249051053,475953Carteret County,44036,0.149416054,-0.336866344,-0.200825465,64712Lee County,43452,-0.071695032,-0.367288044,-0.220450123,58563Davidson County,43420,0.117986501,-0.399696078,-0.164294936,159947Franklin County,43359,0.204388221,-0.232997351,-0.184542121,59191Pender County,43261,0.763893441,-0.176559301,0.542585205,53095Harnett County,42792,0.270487177,-0.126164802,0.266009921,112844Rowan County,42787,0.253868863,-0.387632519,0.102527712,140495Gates County,42742,-0.176563134,-0.348323798,0.108096244,11814Person County,42559,0.073772794,-0.467947288,-0.225807522,38272Stanly County,42296,0.272075306,-0.204408568,-0.175687666,60079Catawba County,42100,-0.045233741,-0.223068248,-0.158194228,157002Polk County,42072,-0.290477848,-0.257514825,-0.099639967,19355Cumberland County,41163,0.19000605,-0.194872358,-0.005461653,321071Onslow County,41161,0.221603158,-0.201015493,-0.047252064,179455Craven County,41021,0.290922031,-0.364720245,-0.357128078,100261Buncombe County,40979,0.401080971,-0.460736227,-0.349752263,230421Gaston County,40940,-0.100738723,-0.362449245,-0.232352075,207234Yadkin County,40939,0.224858285,-0.326472771,0.014055903,37996Hoke County,40838,0.075948293,-0.124846458,-0.021345555,46134Alexander County,40813,0.367413668,-0.176467445,0.022344232,37316Haywood County,40380,0.096920672,-0.38585454,-0.20504593,58028Wayne County,40291,0.106097997,-0.248817001,0.43830026,116554Pamlico County,39918,0.092898806,-0.216794435,0.253568481,12838Nash County,39770,0.130763387,-0.326226185,-0.058683882,95804Wilson County,39511,0.268527744,-0.258703594,-0.248249414,80005Pasquotank County,39370,0.320843381,0.024792278,-0.164921334,41845Clay County,39298,0.033599864,-0.040786705,0.233604357,10538Beaufort County,38829,0.044630759,-0.381990597,0.915394402,47393Greene County,38733,0.20858176,-0.303745896,-0.040825058,21384Randolph County,38529,0.063668966,-0.388400624,0.086681034,142467Cleveland County,38304,0.054307003,-0.204327277,-0.297673914,98628Watauga County,38031,-0.002958454,-0.080922999,-0.118842993,45377Jackson County,37823,0.297356515,-0.330877313,0.157699187,37990Perquimans County,37284,1.336641477,-0.214752168,0.978143059,12980Transylvania County,36807,-0.122994421,-0.216968613,-0.585112252,31091Wilkes County,36516,-0.287948019,-0.200571035,-0.179580061,67519Pitt County,36339,0.827757587,-0.545272857,0.349860594,158541Burke County,36177,0.192957031,-0.135278786,0.175565275,89653Madison County,36135,0.107541995,-0.616671629,0.141139073,20846Rockingham County,36104,-0.054597312,-0.336177177,0.295284492,91878Macon County,35982,0.461311934,-0.469518746,-0.253194851,34494Chowan County,35944,0.069587795,-0.273794536,-0.352592315,14818Swain County,35700,0.208388125,-0.214413739,-0.03051569,13851McDowell County,35595,0.13146814,-0.399535092,-0.217479243,44742Caldwell County,35489,0.078310706,-0.399185617,-0.13505098,80130Mitchell County,35398,0.151183374,-0.091670948,-0.106182714,15976Jones County,35079,0.046226946,-0.538559786,0.813460041,10150Surry County,34397,0.147216997,-0.347672196,-0.310380341,73881Lenoir County,34213,0.23761438,-0.39156827,0.092693566,57221Yancey County,34148,0.053707627,-0.559519623,0.251155624,18551Alamance County,34103,0.413726097,-0.427643972,-0.122402801,148338Ashe County,34056,-0.016179975,-0.112566571,-0.152282431,26491Caswell County,34028,0.213417212,-0.256553925,0.338483329,23571Rutherford County,34016,0.52014064,-0.188346493,0.07032668,63821Sampson County,33937,-0.136967271,-0.441704815,-0.154743478,65406Avery County,33919,-0.138470829,-0.105353432,-0.19660886,18303Montgomery County,33787,0.205956913,-0.359266887,0.188525231,27983Alleghany County,33501,0.277711515,-0.203157321,0.00797243,11258Cherokee County,33408,0.342518961,-0.531033965,-0.014446655,27090Vance County,33341,0.260964402,-0.416172083,0.231128407,43614Washington County,33190,0.074855185,-0.129236837,-0.138159594,13000Hyde County,33097,0.035889934,-0.136018067,0.117491599,5391Columbus County,33024,0.403591079,-0.334712259,-0.41198364,56309Anson County,32500,0.06221143,-0.580756129,-0.357353943,25193Edgecombe County,32172,0.439375139,-0.226576012,0.404375135,51327Scotland County,31974,0.106030047,-0.238640634,0.123200559,36926Hertford County,31879,0.823104885,-0.446930134,0.533723158,24010Warren County,31834,0.664136424,-0.404884272,0.1486522,19932Martin County,31514,0.352325296,-0.240018261,-0.316238665,23855Northampton County,31355,0.301044273,-0.076847702,-0.130444366,21018Bladen County,31248,0.451182296,-0.279415487,-0.120189131,32043Duplin County,31026,0.236233987,-0.395953419,-0.305516194,53659Graham County,30727,0.129357603,-0.378577834,0.426277595,8327Richmond County,30449,-0.020815599,-0.364768866,-0.090603586,46847Tyrrell County,30058,-0.157554664,-0.701568926,-0.301765241,4251Halifax County,29966,0.267142511,-0.157525271,-0.077382664,55173Bertie County,29693,0.237083929,-0.398953771,-0.336883548,20114Robeson County,27421,-0.004433767,-0.751187069,-0.095113171,131080